feature_id	gene_symbol	direction_IL4	log2FC_IL4	P_IL4	FDR_IL4	direction_IL13	log2FC_IL13	P_IL13	FDR_IL13	shared_direction
ENSG00000005486	RHBDD2	up	0.78905920548856	1.65791531890667e-19	3.51603647253586e-17	up	0.716166777579277	6.36608625493068e-20	1.77059435073074e-17	up
ENSG00000006606	CCL26	up	8.2275686866098	6.79137737971777e-174	4.75294545919548e-170	up	7.9711058672757	1.68779262808994e-153	1.18255190487121e-149	up
ENSG00000011201	ANOS1	up	4.79001338825282	1.13073065191742e-79	1.97835461686102e-76	up	4.61105625911264	2.07530890857645e-64	3.63516296698523e-61	up
ENSG00000013297	CLDN11	down	-0.666668599026571	6.01007918828886e-07	2.9413663775692e-05	down	-0.596358905572686	4.06477769945554e-06	0.000197092491012009	down
ENSG00000016490	CLCA1	up	5.6811444085513	2.47119245748573e-74	3.84325342526974e-71	up	5.30481029465577	4.05985062255878e-23	1.4222671693479e-20	up
ENSG00000019186	CYP24A1	down	-1.3652298295124	8.40215838398633e-07	3.96975583935785e-05	down	-1.08886595229038	6.66620972876442e-05	0.00239522043408143	down
ENSG00000022267	FHL1	up	0.690345483183502	5.67409500858183e-10	4.6586243769587e-08	up	0.649398128235978	4.7794353121832e-08	3.54360989574726e-06	up
ENSG00000026508	CD44	up	1.00376413651017	2.89145090899252e-24	8.09432767463366e-22	up	0.984911214611282	4.3249190607616e-20	1.26260605830109e-17	up
ENSG00000029153	BMAL2	up	1.02002157696283	2.54175807221572e-15	3.63030487110239e-13	up	0.888647850585281	5.98543570984935e-08	4.36843284386036e-06	up
ENSG00000039139	DNAH5	down	-0.799529020150273	1.67870938485532e-07	8.86675292823394e-06	down	-1.03667005860123	3.85230744920764e-06	0.000188749595404709	down
ENSG00000041353	RAB27B	up	0.604309988323158	4.70857948140582e-10	3.92297541674031e-08	up	0.636830357441318	9.5023652946958e-11	1.11896340230733e-08	up
ENSG00000041982	TNC	up	3.80132221537403	5.73825940132551e-43	3.82468651620729e-40	up	3.49050842923416	2.4678485384666e-37	1.72909807847663e-34	up
ENSG00000049130	KITLG	up	1.87675814396504	1.92805704899489e-31	7.93735721022986e-29	up	1.84265280343635	3.20203851880735e-26	1.35970199284992e-23	up
ENSG00000049449	RCN1	up	0.884525663413208	2.78043992781515e-20	6.48630294493812e-18	up	0.896094821132379	1.55615659524479e-22	5.31863960223544e-20	up
ENSG00000050405	LIMA1	up	1.00051331114934	1.54140067996897e-23	3.99536765139365e-21	up	0.975914863230087	1.65346526668399e-20	5.14889084045396e-18	up
ENSG00000052795	FNIP2	up	1.01087729382277	6.74566747929284e-24	1.81575207130119e-21	up	0.980019251935211	3.83435105048967e-24	1.45218273704086e-21	up
ENSG00000053747	LAMA3	up	0.966052081874358	5.75734899831288e-15	7.97877365637479e-13	up	1.04846090632673	2.20056185969546e-12	3.14657891223597e-10	up
ENSG00000054938	CHRDL2	down	-1.39977009342702	7.16225450289496e-07	3.43322179030893e-05	down	-1.54163161348015	2.54764984231621e-07	1.637624644054e-05	down
ENSG00000057149	SERPINB3	up	10.2589819063255	7.22004058190062e-35	3.48478993189183e-32	up	9.85729062069262	1.47922606807132e-25	5.9223985405381e-23	up
ENSG00000057657	PRDM1	up	0.981238307012936	7.17667584622331e-22	1.7623145933261e-19	up	0.874838863314482	1.52721055305534e-18	3.8215716928508e-16	up
ENSG00000058404	CAMK2B	up	1.2544181299446	1.58148204498158e-06	6.87453546074757e-05	up	1.16955607826335	4.88116429367425e-06	0.000232652228732168	up
ENSG00000063438	AHRR	up	0.829838047853743	0.000688788517263554	0.0137925219973361	up	0.958491844532586	9.33348108708482e-05	0.00321351524504471	up
ENSG00000065320	NTN1	up	2.38327663745704	2.9128666769249e-20	6.68383522572422e-18	up	2.22066693776845	2.57184462435985e-15	4.74200772646771e-13	up
ENSG00000065534	MYLK	down	-0.857532437179711	6.66695059202268e-05	0.00189284599262761	down	-0.786867611869261	0.00044577498480983	0.0115893225642674	down
ENSG00000065618	COL17A1	up	1.78639723259819	7.65664522174422e-10	6.159199032687e-08	up	1.10760988150467	0.000642463907027359	0.0153894815883323	up
ENSG00000067066	SP100	down	-0.598706684208115	0.00326144322380568	0.0461581605698767	down	-0.654644813303323	0.00146322558358683	0.0293335909911335	down
ENSG00000067798	NAV3	down	-0.67614146217183	0.000104362526989371	0.00283643163159266	down	-0.744192596888817	0.000564327635718785	0.013849252468174	down
ENSG00000069020	MAST4	down	-0.698325344423899	4.28488614964493e-05	0.00129817210901688	down	-0.677779990089127	0.000113473210096091	0.00373262932647072	down
ENSG00000070010	UFD1	up	1.51882385988265	1.15305209824913e-32	5.04352194349784e-30	up	1.46437707421909	1.04931600442266e-25	4.32472504999255e-23	up
ENSG00000074181	NOTCH3	up	0.673307904354607	3.94215511475325e-07	1.98483255903602e-05	up	0.724899319884574	2.32295297403478e-07	1.51402511744881e-05	up
ENSG00000076356	PLXNA2	up	1.277312297873	1.94868395263822e-09	1.48237659158028e-07	up	1.25124943291038	1.12211918214121e-10	1.27839480482478e-08	up
ENSG00000077063	CTTNBP2	up	2.54657980757868	2.07836229962039e-14	2.79719587574871e-12	up	2.79053764948481	2.11972448257702e-18	5.21117529374592e-16	up
ENSG00000077684	JADE1	up	0.873857096320076	2.72603675587276e-29	9.53908411798775e-27	up	0.764628142931172	2.45340750622218e-22	8.18561890111701e-20	up
ENSG00000081041	CXCL2	down	-1.17410995808873	7.39010974494543e-06	0.000271494399212602	down	-1.1511638695398	1.0767797416154e-05	0.000461434694778489	down
ENSG00000081923	ATP8B1	down	-1.10159418866089	2.15363354185876e-06	9.19036850164543e-05	down	-0.926406335391079	1.19147863678261e-05	0.000507482982894674	down
ENSG00000083123	BCKDHB	up	0.750243454949605	2.62674018817169e-05	0.000841338270339567	up	0.685082881317827	0.000644743904010908	0.0154177411721926	up
ENSG00000088543	C3orf18	up	2.63163798267131	8.3606443112227e-20	1.82849903787788e-17	up	2.58542523689576	3.70736408075944e-13	5.46855714354547e-11	up
ENSG00000088826	SMOX	up	1.26111702874036	9.30775153702392e-07	4.34268660879079e-05	up	1.10273225260805	2.00275443514805e-05	0.000818209851304069	up
ENSG00000093009	CDC45	up	1.4763592338746	2.2197631030259e-30	8.1763221455404e-28	up	1.30370181034794	1.4755615424259e-19	3.82908220259522e-17	up
ENSG00000099337	KCNK6	up	1.49391799978294	4.44886453497496e-17	7.24078568558657e-15	up	1.27143975513634	2.5833025680531e-10	2.78460145277909e-08	up
ENSG00000100167	SEPTIN3	up	0.844975189585544	0.0026863805304188	0.0397476408924651	up	1.04022545453517	0.000448353402334168	0.0116347707905717	up
ENSG00000100739	BDKRB1	down	-1.35445555864977	2.75465949888887e-14	3.67209228628071e-12	down	-1.35489577653521	2.42237982427221e-09	2.2480005614256e-07	down
ENSG00000100985	MMP9	down	-0.89715730097041	1.47322561188078e-05	0.000498085480422591	down	-0.94054644431483	6.1330604255996e-06	0.000281828677487618	down
ENSG00000101298	SNPH	up	1.8284114893747	1.2695869895982e-56	1.26931493524329e-53	up	1.74510847151132	1.81972260696027e-44	1.82141234938102e-41	up
ENSG00000101825	MXRA5	up	0.70606986295084	0.00121268707287003	0.021338899522106	up	0.763152314207864	0.00119767247368325	0.0250492304085424	up
ENSG00000102897	LYRM1	up	0.694078434975348	1.84636611231553e-10	1.62538279711198e-08	up	0.787387821852727	1.83490765388314e-14	3.06575303244843e-12	up
ENSG00000103196	CRISPLD2	down	-0.883812367237262	9.05069600765416e-33	4.08653522642372e-30	down	-0.678524454757961	1.13179265048083e-19	2.9924170587147e-17	down
ENSG00000103528	SYT17	up	1.23807581827515	0.000213105258127704	0.00514281775519565	up	1.30342258496441	8.51800963286643e-07	4.91205222161964e-05	up
ENSG00000103888	CEMIP	up	2.67290405854241	2.63867291193539e-08	1.63422587382123e-06	up	2.64203261464873	1.67142362411704e-07	1.11531710689296e-05	up
ENSG00000104415	CCN4	down	-1.08090718979102	4.46140591625528e-09	3.15385346514269e-07	down	-1.28505183166814	8.05640291074682e-14	1.24059751635489e-11	down
ENSG00000105855	ITGB8	up	1.93382118143111	1.12471786674286e-19	2.42195015089227e-17	up	1.82050755043867	1.0187102347182e-13	1.55165070859849e-11	up
ENSG00000105963	ADAP1	up	0.685012859108042	0.00346062158233964	0.0482453389322788	up	0.892592613392907	6.54649828157618e-05	0.00236433196958059	up
ENSG00000106078	COBL	up	3.79379954990479	7.9311515628053e-100	1.58589040606551e-96	up	3.64268209184922	2.02836467543466e-88	5.68469483937317e-85	up
ENSG00000106123	EPHB6	up	1.03578767091488	5.97888660943617e-06	0.000227764080015872	up	1.00082425966161	6.51214846786185e-05	0.00235800352661881	up
ENSG00000106484	MEST	up	0.638134887496042	2.04914949247209e-10	1.79262159038324e-08	up	0.6321237827683	2.69108423284905e-10	2.85683055719043e-08	up
ENSG00000106571	GLI3	up	0.951342588308749	4.38131067006161e-16	6.59410811277983e-14	up	1.0186454675453	4.87994995004172e-15	8.76701777563265e-13	up
ENSG00000106785	TRIM14	down	-0.877348495681487	0.0019819655211472	0.0314460659481457	down	-0.881463921329373	0.00261826892112826	0.0462190886046062	down
ENSG00000107959	PITRM1	up	0.907895217251952	1.03791868132772e-12	1.19079899856918e-10	up	0.850012676796301	3.19352541634459e-11	4.0316100593907e-09	up
ENSG00000107968	MAP3K8	up	0.619867811748767	5.45271410886867e-05	0.00160003436859192	up	0.649284270979016	0.000125716447954137	0.00408738882872696	up
ENSG00000108688	CCL7	up	0.999039213030335	0.00337281322594369	0.0473988621722227	up	0.926781021114211	0.00126894579578783	0.0261273243235844	up
ENSG00000108691	CCL2	up	0.6488627105505	5.61810715366992e-05	0.00164168362901707	up	0.68117646607541	9.53855384974406e-07	5.43348597953104e-05	up
ENSG00000108950	FAM20A	down	-0.963226782332659	0.000127713202587748	0.00336809795695112	down	-1.14848484310722	1.01897115193738e-06	5.73447500084275e-05	down
ENSG00000108984	MAP2K6	up	1.43387831275333	4.39546289747996e-31	1.75780840502934e-28	up	1.37482908173469	2.56628736646899e-24	9.98927357398056e-22	up
ENSG00000109099	PMP22	up	0.802102804236854	0.000185862609296874	0.00461262223817082	up	0.819846549595227	0.000677515550540644	0.0160915684910611	up
ENSG00000109272	PF4V1	down	-1.3472792173898	1.28149090394392e-06	5.67627474129843e-05	down	-1.31135932456983	0.000459365701477186	0.0118765527210329	down
ENSG00000109501	WFS1	up	0.754244028421361	3.52556528979645e-16	5.42278432541548e-14	up	0.741333572100673	5.85393875174403e-20	1.674107014861e-17	up
ENSG00000109680	TBC1D19	up	1.13702984632626	2.79084292410392e-18	5.20845712115768e-16	up	1.17438269743905	2.6715101436719e-14	4.3029737521005e-12	up
ENSG00000110002	VWA5A	down	-1.10892382855359	2.9687007543504e-09	2.16421377388763e-07	down	-1.01053411252498	4.83341866880391e-06	0.000231162784320646	down
ENSG00000110104	CCDC86	up	0.991968731471246	6.47081606486272e-14	8.30935894127372e-12	up	0.923123273706267	8.58186868782915e-11	1.01913327053008e-08	up
ENSG00000111052	LIN7A	up	2.34013713953847	1.71719584470073e-09	1.32063682627891e-07	up	1.88327771289085	6.26344737712615e-07	3.71905458032495e-05	up
ENSG00000111186	WNT5B	up	1.36567868800272	1.70176340250714e-15	2.5073244573571e-13	up	1.33933728673562	8.73839080875612e-15	1.53063838003874e-12	up
ENSG00000111335	OAS2	down	-2.95695765073322	0.000602085121246805	0.0123750153334677	down	-2.86151406241395	0.0013329816229614	0.0272687174927855	down
ENSG00000111424	VDR	up	1.09240542284697	1.73442310785112e-08	1.12914977863219e-06	up	0.944977846761322	2.97271292155485e-06	0.000153149360918192	up
ENSG00000111728	ST8SIA1	up	3.51889344926267	3.45858148759326e-106	9.68195301636858e-103	up	3.4445247611607	2.81047807652002e-84	6.5638715477125e-81	up
ENSG00000111846	GCNT2	up	0.794336885908493	0.000257074914302841	0.0059182196965409	up	0.671716729328097	1.451500965275e-05	0.000605353661499957	up
ENSG00000111913	RIPOR2	down	-1.16406500355136	8.98944035225708e-07	4.22232203391082e-05	down	-1.13700761180523	3.40683308353146e-09	3.07999690319525e-07	down
ENSG00000112297	CRYBG1	up	1.55603920104836	1.0214128175378e-62	1.19139293392305e-59	up	1.47095846424123	8.07313121209046e-46	8.70221443654028e-43	up
ENSG00000112715	VEGFA	up	1.01609932799309	1.33886009372821e-10	1.21688472285155e-08	up	1.04420257301749	1.08809664882864e-10	1.24979494590456e-08	up
ENSG00000113240	CLK4	up	0.695323101314175	6.44888637306094e-12	6.73619869878612e-10	up	0.688850238310534	3.57431559236719e-10	3.62948437651025e-08	up
ENSG00000113319	RASGRF2	up	0.777024391843441	1.80301070558942e-08	1.16115898669257e-06	up	0.715302514639082	4.69231977077064e-05	0.00176282780020935	up
ENSG00000113361	CDH6	up	3.79627352527373	6.9233862381114e-14	8.73032767340949e-12	up	3.27106685823887	3.65980933721697e-07	2.26924372754077e-05	up
ENSG00000113494	PRLR	down	-1.15918972228071	3.02446303227878e-06	0.000123781897844462	down	-1.29464631359035	4.35541186678016e-09	3.86280927146775e-07	down
ENSG00000113594	LIFR	up	1.59084189756715	4.32363082525849e-27	1.4760453819791e-24	up	1.524361196602	2.34246198460205e-47	2.9840836172935e-44	up
ENSG00000114270	COL7A1	up	0.6524295589511	3.37814899909334e-07	1.71318665001121e-05	up	0.676001142788841	1.57390453653236e-06	8.51549199630424e-05	up
ENSG00000114654	EFCC1	up	1.47062482226828	1.43429131406563e-07	7.75126468068596e-06	up	1.44557485510262	3.36435277467934e-07	2.11411100590052e-05	up
ENSG00000114656	CFAP92	up	0.924480068896564	0.000578522173112415	0.0119609672925472	up	0.942469621896911	0.000396370431045818	0.0105395424103322	up
ENSG00000114735	HEMK1	up	0.824492853929889	1.71401387762056e-11	1.66604529479549e-09	up	0.7200088417343	8.48930923063388e-08	5.97792413310917e-06	up
ENSG00000114737	CISH	up	4.77013879144067	1.01983550749953e-123	3.56865939961774e-120	up	4.64710137877339	1.92639752814445e-89	6.74865214047203e-86	up
ENSG00000114738	MAPKAPK3	up	0.925856581702193	4.83989873861214e-20	1.09264617168313e-17	up	0.838072374157803	1.07647471773035e-16	2.25143883873961e-14	up
ENSG00000115009	CCL20	down	-2.21451202781168	3.47640212993908e-08	2.09737933675678e-06	down	-1.96728478607456	1.34051536042365e-05	0.000565683466575353	down
ENSG00000115318	LOXL3	up	1.54588731313372	3.99164587002365e-18	7.35145621614751e-16	up	1.45994224401316	4.41808716163503e-16	8.71981061915377e-14	up
ENSG00000115325	DOK1	up	1.20009431984039	4.80539599943582e-37	2.80254699183763e-34	up	1.09642335212997	1.05543023146421e-21	3.43947531011812e-19	up
ENSG00000115602	IL1RL1	up	2.96927792359244	3.00111947826477e-08	1.84239777795053e-06	up	2.87687453103113	6.16122604345561e-06	0.000282147910284129	up
ENSG00000115604	IL18R1	up	1.3899869440079	0.000143027532160429	0.00366767328181121	up	1.23412147997315	0.00116562400919688	0.0246363336966454	up
ENSG00000116106	EPHA4	down	-1.81770437007318	6.82451299802132e-06	0.000256781474283076	down	-1.42043067502616	9.37574963544421e-05	0.00322015636376176	down
ENSG00000116991	SIPA1L2	up	1.20945795197959	5.10171360212596e-19	1.0501277248376e-16	up	1.13759239135098	6.26963242604937e-15	1.11210581248392e-12	up
ENSG00000117152	RGS4	up	2.26098805918482	8.15940636291073e-36	4.38926920774566e-33	up	2.18452443018512	1.71674876801275e-23	6.3307369700428e-21	up
ENSG00000117228	GBP1	down	-0.819403802163743	4.91704698077711e-06	0.000190647940692347	down	-0.783219404194652	7.09644826900352e-05	0.00252392207090219	down
ENSG00000117525	F3	down	-0.95083754488113	1.25161432038547e-08	8.26360643511107e-07	down	-0.890832718430497	6.38861150353934e-07	3.77736763709269e-05	down
ENSG00000118503	TNFAIP3	down	-0.712429412272268	2.98287454793959e-12	3.23653449980701e-10	down	-0.733149151768848	7.07620308762778e-13	1.03290451944717e-10	down
ENSG00000118523	CCN2	down	-0.676642744398104	0.00131477918602604	0.0227759458747606	down	-0.670340317078359	0.00191194122478545	0.036205449166106	down
ENSG00000119681	LTBP2	down	-0.714299556325789	5.49724054016875e-06	0.000210807879015731	down	-0.636992592732108	0.00015503265748414	0.00490400142059876	down
ENSG00000119927	GPAM	down	-0.673331066035606	9.55035824832249e-07	4.44107522929468e-05	down	-0.631067814933394	1.35188346667001e-05	0.000567183922707989	down
ENSG00000120820	GLT8D2	down	-0.817956525515146	0.00105897822699272	0.0194521236787626	down	-0.85720898614251	0.00110874954263268	0.0237507458834957	down
ENSG00000120833	SOCS2	down	-0.869933091351994	3.23089879101859e-08	1.95770088215962e-06	down	-0.773618593407912	1.72071471988192e-05	0.000707107782102795	down
ENSG00000120875	DUSP4	up	0.642436498203462	0.000642093409547961	0.0130820690734248	up	0.68790131789619	0.000301223604292128	0.00856196017636024	up
ENSG00000120885	CLU	down	-0.862804265845231	1.53836439861073e-07	8.18725721952637e-06	down	-0.773809828149911	3.10296123809277e-06	0.000158692685508737	down
ENSG00000121691	CAT	up	0.67221319464585	1.18836270177125e-10	1.08715769520864e-08	up	0.593825657962412	4.17324264184733e-08	3.11061963511737e-06	up
ENSG00000121895	TMEM156	down	-1.38190703652841	0.000528867788843373	0.0110651157555167	down	-1.50382764741368	0.000463877841683796	0.0119095785680974	down
ENSG00000122035	RASL11A	up	0.872623356457513	6.63777341169164e-05	0.00189223858336961	up	0.962092596748648	3.13687127603885e-07	1.98900349281142e-05	up
ENSG00000122641	INHBA	down	-0.703584967417863	1.80847795312553e-08	1.16115898669257e-06	down	-0.607065638985045	3.13156286429772e-05	0.00121558422208875	down
ENSG00000122877	EGR2	up	1.19192335142187	1.39857981931306e-05	0.000479802003208944	up	1.08463947450481	0.000245516602270173	0.00724299820549882	up
ENSG00000123094	RASSF8	up	0.652317798122917	0.000207666097668253	0.00502889683228814	up	0.685859331463873	0.000364670897477793	0.00988420364865824	up
ENSG00000123496	IL13RA2	up	4.70923933139352	1.59469022934357e-55	1.48805860934146e-52	up	4.41063238489153	2.74405459509067e-46	3.20436975341713e-43	up
ENSG00000123610	TNFAIP6	up	0.85100466872773	1.31301374643866e-12	1.48211721039531e-10	up	0.709904757719239	2.66508631676135e-10	2.85082859212037e-08	up
ENSG00000123685	BATF3	up	1.25075138275798	7.94245772033405e-20	1.76461239224628e-17	up	1.00611723254842	2.15412819617728e-09	2.02589251094176e-07	up
ENSG00000123700	KCNJ2	down	-1.42022251346779	4.34206982439497e-17	7.1501119214184e-15	down	-1.43785160286311	2.43751957125056e-18	5.88913133654035e-16	down
ENSG00000124191	TOX2	up	0.596665708583628	3.6844236375846e-10	3.10667937682359e-08	up	0.63684915961518	8.47114567213682e-11	1.01458260088592e-08	up
ENSG00000124212	PTGIS	up	3.27482647560119	8.52047657778894e-19	1.72842189361321e-16	up	2.95919709446749	5.75211564602509e-12	7.67660919502378e-10	up
ENSG00000124875	CXCL6	down	-0.888325646170972	0.00110310148316912	0.0199742709701399	down	-0.89483429793645	0.000792794549971663	0.0180935342487832	down
ENSG00000125266	EFNB2	up	0.693925166092499	4.55716333497218e-08	2.6688960334563e-06	up	0.730172627939109	6.60434685837367e-09	5.67771242493191e-07	up
ENSG00000125398	SOX9	down	-1.2636222149652	6.18349095236982e-07	3.00521954376113e-05	down	-1.55123913647394	9.68891912208937e-07	5.49679448007443e-05	down
ENSG00000127124	HIVEP3	up	0.607820898297352	3.29700720208308e-06	0.000133762926978426	up	0.641380560611799	3.57205038034204e-07	2.22467297687702e-05	up
ENSG00000127528	KLF2	up	1.53922914704513	7.26048321827144e-08	4.09778159702199e-06	up	1.58750475838413	2.98058439570855e-08	2.30756514569414e-06	up
ENSG00000127920	GNG11	down	-0.600624805840749	0.00115572009553543	0.0206334364505222	down	-0.595600919285068	0.000203521729326279	0.0061864425011912	down
ENSG00000127946	HIP1	up	0.758007819716249	2.31637705666513e-18	4.467114292357e-16	up	0.700574334491854	1.24212805085766e-14	2.14888152798374e-12	up
ENSG00000128203	ASPHD2	up	1.22653392801965	8.90722968346667e-06	0.000322990916786225	up	1.28065134182575	0.000107857228880392	0.00357997396473602	up
ENSG00000128342	LIF	down	-1.88570034775392	1.27627961483222e-29	4.58053481251452e-27	down	-1.71740562723272	3.7861866245136e-23	1.36040597870023e-20	down
ENSG00000128917	DLL4	up	1.72011475853455	3.27996979373818e-16	5.10108191143925e-14	up	1.49029114157793	1.3464525141285e-10	1.50942712643861e-08	up
ENSG00000128965	CHAC1	up	0.931568858830576	9.73519737547189e-10	7.65525604856629e-08	up	0.685794417905686	1.00290147688927e-05	0.000435097783147037	up
ENSG00000129521	EGLN3	up	2.19835802554612	9.95180928051266e-31	3.7647425540361e-28	up	1.87024274881379	4.11936405456619e-14	6.41384983295956e-12	up
ENSG00000130589	HELZ2	down	-1.0899924778064	0.00123405858959788	0.0216726701111687	down	-1.06081083735621	0.00175661312987407	0.0336736248822508	down
ENSG00000131386	GALNT15	up	1.48042666995834	1.34326069529072e-06	5.91245910439756e-05	up	1.76210614495185	3.813453011539e-08	2.87300629304818e-06	up
ENSG00000131746	TNS4	up	1.11816703075884	0.000759044116332733	0.0149638598539567	up	1.35272103674332	0.00163103888582422	0.0317619073410016	up
ENSG00000131981	LGALS3	up	0.662811836643561	2.62127850230305e-11	2.49592076168271e-09	up	0.60529766638618	1.59708692737704e-09	1.52244755873024e-07	up
ENSG00000132334	PTPRE	up	0.961270194880178	9.0383998403732e-12	9.30224136512527e-10	up	1.00072272670997	3.45211759375263e-12	4.65139652319766e-10	up
ENSG00000132965	ALOX5AP	down	-1.58016750490916	0.000217140349446005	0.00522218809483803	down	-2.08715352073987	3.32036792727428e-06	0.000168513258330014	down
ENSG00000133110	POSTN	up	14.1750381332553	0	0	up	13.8618497660694	3.40894632029111e-242	4.77695647862393e-238	up
ENSG00000133131	MORC4	up	1.65166845241195	7.98251360375827e-27	2.63383880246629e-24	up	1.61427674901386	1.61828379145418e-19	4.12309286720862e-17	up
ENSG00000133687	TMTC1	up	0.625160585833457	1.97724335178767e-13	2.38581682715276e-11	up	0.642277866933756	1.92340691807257e-13	2.86730863222882e-11	up
ENSG00000134323	MYCN	up	1.17764770620668	8.45652160084623e-05	0.00234198529292359	up	1.34429860430202	8.48510269509705e-08	5.97792413310917e-06	up
ENSG00000134339	SAA2	down	-1.1200019166109	0.000324934509707197	0.0072653487737566	down	-0.923948388157175	0.00139459917284457	0.0282406332501026	down
ENSG00000134363	FST	up	0.969278226979599	1.7305757854685e-15	2.51940613691037e-13	up	0.972783911126824	8.05992913560538e-17	1.71126949965512e-14	up
ENSG00000134769	DTNA	down	-0.862313141802242	1.1561331622153e-12	1.31564194077459e-10	down	-0.85683998982626	6.25215531482815e-12	8.26523136100819e-10	down
ENSG00000135048	CEMIP2	up	0.664956698821907	1.89372854546393e-08	1.2048417477663e-06	up	0.653232594018055	6.45113471631912e-08	4.68392491086942e-06	up
ENSG00000135074	ADAM19	up	0.675618154056116	1.08147208799549e-06	4.89882356494269e-05	up	0.630165559576695	7.7312040383098e-06	0.000346125757791806	up
ENSG00000135218	CD36	up	1.49669513319827	2.90308310309183e-07	1.4884415455669e-05	up	1.75927707834684	1.39988934156149e-09	1.34360611940419e-07	up
ENSG00000135636	DYSF	up	1.32825541023494	5.22766360914588e-07	2.58556917092632e-05	up	1.20203642426391	0.000306897646205903	0.0086704772505712	up
ENSG00000135931	ARMC9	up	1.06450228940083	2.32978026249954e-18	4.467114292357e-16	up	1.02625755649923	6.44403852760062e-20	1.77059435073074e-17	up
ENSG00000136160	EDNRB	up	1.9038586945398	1.64133013654375e-11	1.60655230218202e-09	up	1.88175993898558	3.27740779450652e-12	4.50257994357057e-10	up
ENSG00000136379	ABHD17C	up	1.62091177238687	7.7980416668864e-06	0.000285730861809971	up	1.6064412634189	2.45660710679206e-05	0.000983555296785062	up
ENSG00000136449	MYCBPAP	down	-1.19171710141097	0.000322345228168861	0.00723055474147364	down	-0.974634955280338	0.00211976292483234	0.0391186503213864	down
ENSG00000136869	TLR4	down	-0.712158488104707	0.000864729963131883	0.0166210539114874	down	-0.662695508162893	0.00211927181648744	0.0391186503213864	down
ENSG00000137193	PIM1	up	0.946496612052106	1.80127372146843e-08	1.16115898669257e-06	up	0.89994118694242	7.55784145147402e-06	0.00034163881374034	up
ENSG00000137393	RNF144B	down	-1.12529301285233	7.39890914753772e-08	4.14250125352342e-06	down	-1.10971039987289	1.31195591438835e-05	0.000555421094511298	down
ENSG00000137486	ARRB1	up	0.757654782590257	2.11875335949328e-10	1.83062906005108e-08	up	0.699851420381429	3.32242491712272e-08	2.54410603080004e-06	up
ENSG00000137745	MMP13	down	-2.5087656901644	1.69419617867874e-06	7.30703512367086e-05	down	-2.86331877626842	2.29724023085373e-09	2.14608182366355e-07	down
ENSG00000137831	UACA	down	-0.806724286911718	4.82104139584574e-07	2.40142763052145e-05	down	-0.643138081284642	0.000181909588924945	0.00561475565992348	down
ENSG00000137834	SMAD6	up	1.10975279081777	1.7627114324852e-12	1.95814856511867e-10	up	0.92822309977447	1.010559637269e-05	0.000437067043118842	up
ENSG00000137959	IFI44L	down	-1.94227456360033	7.33654926460598e-05	0.00206256036364558	down	-1.75697179508458	0.000547504574615098	0.0135486480263857	down
ENSG00000138061	CYP1B1	down	-1.44356198815499	4.72325106864684e-06	0.000184154164924373	down	-1.35615772542916	0.000311899567846693	0.00877640290007171	down
ENSG00000138316	ADAMTS14	up	1.2054268020776	1.61173000514059e-18	3.2227692688504e-16	up	1.10178819875232	5.6520735800876e-16	1.10003482052455e-13	up
ENSG00000138356	AOX1	down	-0.826848926361399	0.00182161572972189	0.0293882172915462	down	-0.82805763225255	0.000321537752978368	0.00901141706497173	down
ENSG00000138606	SHF	up	1.06360680987692	0.000133902638366904	0.00348370860450103	up	1.04185854556581	2.3353891727389e-05	0.000943106872553033	up
ENSG00000138678	GPAT3	up	0.99525799727882	5.16814517265513e-09	3.59893174038079e-07	up	0.774264407543915	3.65612136418335e-05	0.00140750628231597	up
ENSG00000138821	SLC39A8	up	1.35939097127307	3.13673169903496e-17	5.28973898691474e-15	up	1.27628116791243	2.23409361865678e-16	4.53715273597644e-14	up
ENSG00000139132	FGD4	down	-0.932982375640505	4.1174074196521e-12	4.39933982082981e-10	down	-0.811449831872572	1.311139118285e-09	1.26710292858812e-07	down
ENSG00000139269	INHBE	up	2.22605719571135	9.23843628905795e-38	5.62219098860627e-35	up	2.13251405739529	2.13136208779866e-39	1.65926538535126e-36	up
ENSG00000139793	MBNL2	up	0.596579342516288	8.81485343478448e-14	1.0822938905849e-11	up	0.604717805344812	4.79900178923008e-11	5.95118690906913e-09	up
ENSG00000140285	FGF7	down	-1.1462994167323	6.28985152944282e-08	3.56433408330409e-06	down	-1.1193157845338	3.69881719091024e-10	3.72888671195864e-08	down
ENSG00000140297	GCNT3	up	2.31245222238428	8.12788789091433e-15	1.10452472630221e-12	up	1.84712422072215	8.67102344386626e-10	8.49699660971314e-08	up
ENSG00000140450	ARRDC4	up	0.945161462238934	6.96066682369459e-18	1.26530459131498e-15	up	0.774946878948199	1.25636037811603e-10	1.41978854665645e-08	up
ENSG00000141404	GNAL	up	0.81442383506245	5.92177427237763e-08	3.39701124960941e-06	up	0.782294936021153	1.16977990886348e-06	6.53072743541992e-05	up
ENSG00000141753	IGFBP4	up	0.759580170412875	1.38121584109056e-10	1.24728245985449e-08	up	0.797220016921572	9.64088258846065e-11	1.12581406426749e-08	up
ENSG00000142156	COL6A1	up	1.09560676128004	6.3730871795987e-15	8.74550012282774e-13	up	1.11831350918105	1.83774534165181e-14	3.06575303244843e-12	up
ENSG00000142173	COL6A2	up	1.11164164866382	2.55789396704245e-18	4.8382218725261e-16	up	1.09140052281148	2.55833754463287e-17	5.69047365284768e-15	up
ENSG00000143603	KCNN3	down	-1.06547507079237	8.792355012927e-08	4.90305151856331e-06	down	-0.974447837230489	1.25108842777867e-07	8.51043793129248e-06	down
ENSG00000143867	OSR1	up	0.984926030968239	5.16076161245567e-06	0.000198994987023532	up	0.892532843848316	0.000166347600920619	0.00518006429266809	up
ENSG00000143882	ATP6V1C2	up	1.28623303317745	9.49838535048438e-10	7.51123727405253e-08	up	1.33834725911233	3.02404626743072e-11	3.8523600314097e-09	up
ENSG00000144583	MARCHF4	down	-0.814104783666512	4.16097544610774e-05	0.00126611246346022	down	-1.06814802922084	9.1881857123984e-08	6.40567394964372e-06	down
ENSG00000144655	CSRNP1	up	0.728467847367007	1.49454887999023e-07	7.98442773787145e-06	up	0.671259980664937	3.0908453616144e-07	1.96872800237739e-05	up
ENSG00000144749	LRIG1	down	-0.764495347673778	9.68140418567075e-08	5.33506355853675e-06	down	-0.796572838136011	8.29924635501927e-08	5.90341823212614e-06	down
ENSG00000145040	UCN2	up	0.785627210500209	3.75155968740129e-05	0.001159173972286	up	0.822340258096553	5.5725267718783e-06	0.000261312773854334	up
ENSG00000145147	SLIT2	up	2.36018524798277	6.46630291894648e-102	1.5084806992749e-98	up	2.28486321669971	9.19885421721981e-101	4.29678480486337e-97	up
ENSG00000145819	ARHGAP26	up	0.697314929774575	2.08387846495806e-05	0.00067990785254121	up	0.644718139218981	2.44038904362456e-05	0.000979861652387132	up
ENSG00000146197	SCUBE3	up	1.01841335972769	3.03696301516341e-05	0.000959556914745873	up	1.31742311572977	3.59353625336004e-08	2.73675127817034e-06	up
ENSG00000146950	SHROOM2	up	0.639057676204034	1.0006115072114e-05	0.000357284675164234	up	0.6183632083585	0.00069709456812119	0.0163624559180607	up
ENSG00000147027	TMEM47	up	0.859387188083273	2.03935252943308e-06	8.72930194326449e-05	up	0.837448840370843	1.38697902772404e-05	0.000580171257179012	up
ENSG00000147251	DOCK11	up	1.12142039445176	6.13406627924503e-13	7.21500216055401e-11	up	1.17087055007313	2.01471473926742e-10	2.22300768829562e-08	up
ENSG00000147408	CSGALNACT1	down	-1.85753281019967	4.28935989236128e-22	1.07211018595323e-19	down	-1.36787821155622	8.99953231014713e-18	2.03403945584019e-15	down
ENSG00000147650	LRP12	up	0.945969487166645	2.01636303875128e-19	4.21239305274653e-17	up	0.906648356747411	2.93774141906591e-18	6.97738483141875e-16	up
ENSG00000149451	ADAM33	up	0.805800225520037	0.000219553230845765	0.00526213454134961	up	0.744007774350124	0.000633098775790753	0.0152433215552506	up
ENSG00000149506	ZP1	up	0.697667893691976	4.58284379412882e-08	2.67275269110088e-06	up	0.659115338842864	2.07518467267761e-07	1.36523769099677e-05	up
ENSG00000149948	HMGA2	down	-0.813590211605466	1.44669019316314e-07	7.78820101296324e-06	down	-0.756844034601822	5.87285667733294e-07	3.50197194125389e-05	down
ENSG00000151136	ABTB3	up	0.845753293421321	6.5442489693577e-06	0.000246899872841239	up	0.813825846089065	2.4157369064027e-06	0.000126312392796347	up
ENSG00000151474	FRMD4A	up	0.726153275105856	7.50450430561166e-11	6.91056228721358e-09	up	0.63668760421724	9.39944600835956e-09	7.88709203084686e-07	up
ENSG00000151490	PTPRO	up	2.39019405157647	5.33717000811467e-10	4.42037684044858e-08	up	2.35767660680455	3.68314246736863e-09	3.28738059842271e-07	up
ENSG00000151617	EDNRA	up	1.04349824172599	3.08949173313658e-11	2.92186593166978e-09	up	0.873400723649853	1.57257197061391e-08	1.27378329619727e-06	up
ENSG00000151917	BEND6	up	0.790051042399197	5.31971414903404e-07	2.62183235718413e-05	up	0.676637645292364	0.000427459223558703	0.0112271538259469	up
ENSG00000152518	ZFP36L2	up	1.06133128967196	3.5494249379033e-17	5.91444057807529e-15	up	0.99274792316893	2.14022467977736e-14	3.52834922796707e-12	up
ENSG00000154262	ABCA6	down	-0.982374188343722	0.000230585197180314	0.00545185980562981	down	-0.993232482025224	0.000311243048108735	0.00877555097212816	down
ENSG00000154319	FAM167A	down	-0.761838993691819	4.43793414817032e-15	6.2745216436303e-13	down	-0.712696837201302	1.68148458168788e-13	2.5336175745368e-11	down
ENSG00000154451	GBP5	down	-1.75998543945748	1.01621553823348e-05	0.000361933050601884	down	-1.06426711654207	0.00115158219770868	0.0244872857913379	down
ENSG00000155850	SLC26A2	up	1.67330403284998	1.68616599402649e-50	1.38830973049346e-47	up	1.55623402536589	3.66610895280029e-42	3.42487898370603e-39	up
ENSG00000155897	ADCY8	up	3.66618138260338	1.01866732554676e-06	4.70570513388712e-05	up	3.09409751393016	3.08265009091106e-05	0.00119992154788713	up
ENSG00000156113	KCNMA1	down	-0.973815319736728	5.74068685115587e-10	4.67165080555981e-08	down	-0.80462445463458	1.00117299944963e-06	5.6570311456805e-05	down
ENSG00000156515	HK1	up	0.902481802984089	4.06068755484919e-16	6.1779830114374e-14	up	0.868929452267469	3.85014129276221e-14	6.06202583544684e-12	up
ENSG00000157064	NMNAT2	down	-1.35928930944372	0.000557714887210068	0.0115649411500434	down	-1.3414428317826	5.46074789391865e-05	0.00201903589017103	down
ENSG00000157542	KCNJ6	down	-1.67404118756968	7.05544489191768e-06	0.000263346832405791	down	-1.26602141483087	0.000920697570388252	0.0204464897842323	down
ENSG00000157551	KCNJ15	down	-1.16146143490251	4.25361005746879e-08	2.53352255210173e-06	down	-1.08059413763568	1.03492081386841e-05	0.00044485721977724	down
ENSG00000158747	NBL1;MICOS10-NBL1	up	0.901984404033098	3.20098649369999e-07	1.63519007125251e-05	up	0.766847279262085	4.28286829806202e-05	0.00161767745177205	up
ENSG00000160097	FNDC5	down	-1.44891933076539	7.3409932597166e-06	0.000270977661152954	down	-1.23471392419584	0.000223911372906029	0.00670442322335935	down
ENSG00000160255	ITGB2	down	-0.648440184538713	0.000931603910498934	0.0175973554560315	down	-0.71825272792402	0.000626207621379014	0.0151353662984837	down
ENSG00000160282	FTCD	up	1.42839857029921	2.82260281434102e-05	0.000899953794813925	up	1.54001194949546	2.17237063992728e-08	1.71019268411804e-06	up
ENSG00000161249	DMKN	down	-0.868130651623731	0.000121769050530582	0.0032526744280087	down	-0.885161475294279	0.000101403445114572	0.00340759346856233	down
ENSG00000162407	PLPP3	up	1.68112062451414	2.99006808161566e-13	3.57709255883542e-11	up	1.61587204955168	3.16203727608677e-12	4.38709191582217e-10	up
ENSG00000162645	GBP2	down	-0.99274807375817	1.10675060842847e-08	7.37675631722536e-07	down	-0.802012130416073	7.20807740956899e-05	0.00255713389215925	down
ENSG00000162692	VCAM1	up	1.14589806859414	9.44457227866766e-08	5.24586024541711e-06	up	1.10433146099007	1.73324914947274e-06	9.30575491630708e-05	up
ENSG00000162878	PKDCC	down	-0.88244791635748	1.8921071824922e-06	8.12387246421576e-05	down	-0.884969581066045	5.12886041973127e-05	0.00191145534738549	down
ENSG00000163171	CDC42EP3	down	-0.66583942063986	4.07047477173197e-05	0.00124670536936395	down	-0.659739952723746	3.94825622463696e-05	0.00151166432994092	down
ENSG00000163349	HIPK1	up	0.760209395070711	1.69674112614972e-17	2.93201056082934e-15	up	0.776211645800432	4.17979444107112e-20	1.24620126601552e-17	up
ENSG00000163545	NUAK2	down	-1.0242276176397	1.06075856783853e-11	1.07590128072724e-09	down	-0.990937652958913	4.81354142403963e-10	4.7501518292301e-08	down
ENSG00000163618	CADPS	up	0.792627786010944	1.27059294835581e-05	0.000440210136092482	up	0.784621317584567	5.93061488300497e-06	0.00027427625859917	up
ENSG00000163661	PTX3	up	1.46544033045732	5.53802984341368e-15	7.75158037182613e-13	up	1.37868845712589	1.56265389819135e-14	2.67042305797018e-12	up
ENSG00000163734	CXCL3	down	-1.26456873758926	0.0002189360214962	0.00525634218333157	down	-1.21954638598471	0.000391314322408696	0.010424881368656	down
ENSG00000163735	CXCL5	down	-1.35603533534893	5.38875979772845e-05	0.00159463997650751	down	-1.2753686139156	1.22417245503256e-05	0.000519828139768826	down
ENSG00000163739	CXCL1	down	-1.1752565058821	6.30840662074852e-05	0.00181311637516667	down	-1.05220946299107	0.000354057508222511	0.00965254448000399	down
ENSG00000164107	HAND2	up	0.965957367534807	1.10720285891134e-05	0.000390365703178389	up	1.10192021956038	4.1109947553095e-07	2.53776958176881e-05	up
ENSG00000164116	GUCY1A1	up	1.25613166261385	0.000192430268795206	0.00475034651203967	up	1.12801820706569	0.000306518658339797	0.0086704772505712	up
ENSG00000164318	EGFLAM	up	1.02159959079663	3.69282686187844e-09	2.66911016512702e-07	up	0.842973818111414	1.88243668616863e-06	0.00010068162321863	up
ENSG00000164342	TLR3	down	-0.927930970839295	0.000114863942484089	0.00309778536213833	down	-0.855691169954509	0.00157333954557859	0.0310151059670871	down
ENSG00000164465	DCBLD1	down	-0.785552821817984	2.54436694147996e-16	4.00151731234776e-14	down	-0.742002382959068	3.07136979589759e-14	4.89080738067193e-12	down
ENSG00000164484	TMEM200A	up	1.81758973046001	4.95884074423075e-12	5.25824953765135e-10	up	1.51323197795077	2.78052980084432e-10	2.9295912856565e-08	up
ENSG00000164742	ADCY1	up	0.979329538482722	0.000237043153547833	0.00557629079026726	up	0.869539313536508	0.000119757095486975	0.00393010814767911	up
ENSG00000164761	TNFRSF11B	up	0.886027442029286	0.000171323025882968	0.00428042566759097	up	0.902060343727611	0.000333328254922202	0.00924936403212834	up
ENSG00000164849	GPR146	up	1.27644222951629	3.17630801066129e-05	0.000997154149394992	up	0.940632970003339	0.00129962949862382	0.0267033844050081	up
ENSG00000165030	NFIL3	up	1.3230111407069	1.37006859109392e-51	1.19855312934635e-48	up	1.24860948111659	4.89150536678372e-30	2.53869128536075e-27	up
ENSG00000165507	DEPP1	down	-0.881197651998996	0.000678894897934068	0.0136726501962347	down	-0.910437915828838	0.0025344811677858	0.0450706657413482	down
ENSG00000165521	EML5	up	0.995866257983114	6.91616714936194e-05	0.00195962736011375	up	0.67532413732956	0.00206892840300189	0.0387074682393398	up
ENSG00000165757	JCAD	up	0.89684441585487	0.00108198181783696	0.019719400396177	up	0.911143302218023	0.00140170920384435	0.0283436523426708	up
ENSG00000165949	IFI27	down	-2.17648522231223	0.0013055117793577	0.0226434304531223	down	-2.22406988496601	0.00243151768967479	0.0436831504941191	down
ENSG00000166068	SPRED1	up	0.815180588862538	4.51515805931345e-14	5.85172845890837e-12	up	0.859195075891965	5.53254381061926e-18	1.27094321997062e-15	up
ENSG00000166250	CLMP	up	0.639713908260933	5.19667203872378e-12	5.46900891173059e-10	up	0.644825457005305	3.18106824433502e-10	3.32659024685572e-08	up
ENSG00000166292	TMEM100	up	1.64638443937419	4.02423016376728e-10	3.3728832097156e-08	up	1.5989390029656	4.70540604524102e-09	4.14697200704166e-07	up
ENSG00000166387	PPFIBP2	up	2.64316919940345	5.2108583633698e-31	2.02601068089131e-28	up	2.55010177100853	1.0883578472222e-27	5.0837195043749e-25	up
ENSG00000166825	ANPEP	up	0.705387204149691	0.000369435888011413	0.00813049390643985	up	0.653801203493486	0.00122398453624884	0.0254476191490431	up
ENSG00000166923	GREM1	down	-1.13211776672955	2.41816762125928e-10	2.06384708504671e-08	down	-1.07477634928239	5.08990878123302e-08	3.73428752625227e-06	down
ENSG00000167157	PRRX2	up	0.777245018761101	2.58488273043257e-08	1.60802682568288e-06	up	0.689983896416963	5.86063704818364e-07	3.50197194125389e-05	up
ENSG00000167280	ENGASE	up	1.11247473044635	1.25069099571841e-26	3.9786186061524e-24	up	1.00316726587132	3.341809668259e-20	1.01801693220247e-17	up
ENSG00000167642	SPINT2	up	5.86243317856115	1.97435374510431e-67	2.7635029370225e-64	up	5.47474222883008	5.40854373165249e-32	3.2952140570281e-29	up
ENSG00000167703	SLC43A2	down	-0.923329291479961	1.11521215803608e-08	7.39792633935121e-07	down	-0.922433472457767	2.24727775102802e-11	2.91584288195886e-09	down
ENSG00000168062	BATF2	down	-1.15460057191192	0.00270449198031712	0.0399311964646611	down	-1.51184141013059	0.00032312472385218	0.00901981425366654	down
ENSG00000168077	SCARA3	down	-0.676991323098877	7.63653001262118e-13	8.90737588222156e-11	down	-0.602919920527253	3.45759586222927e-10	3.53659057061451e-08	down
ENSG00000168334	XIRP1	up	1.42474945999648	4.835885859336e-06	0.000188021928814239	up	1.09735769647078	0.00242916457034486	0.0436831504941191	up
ENSG00000168661	ZNF30	down	-0.704371168618167	0.000188942158748845	0.00467247949824662	down	-0.74713922084141	0.000915885105432114	0.0204042893202229	down
ENSG00000168918	INPP5D	down	-1.12843658542511	7.62342969653886e-09	5.13005507031031e-07	down	-1.04413604735582	1.40789069659064e-06	7.70655169192369e-05	down
ENSG00000169122	FAM110B	up	0.827419010299976	1.53458809301636e-06	6.69147337630839e-05	up	0.718446281243364	0.00181662851896466	0.034540590822594	up
ENSG00000169131	ZNF354A	up	0.898701424984489	3.97252978163426e-12	4.27719225796421e-10	up	0.778356264890512	2.04459578686824e-08	1.63719547207912e-06	up
ENSG00000169429	CXCL8	down	-1.4887547934443	0.000100893066253195	0.0027636012687788	down	-1.41684548257006	0.000389868345183051	0.0104061430877145	down
ENSG00000169439	SDC2	up	0.952289046972458	2.1772500401427e-23	5.54090342034134e-21	up	0.972104319122738	3.86363313249941e-18	9.02351518095237e-16	up
ENSG00000169594	BNC1	up	1.62284285497909	4.37765142683439e-21	1.05644805209312e-18	up	1.39243401107289	1.32831806286017e-15	2.51536770471075e-13	up
ENSG00000170017	ALCAM	up	0.846320332658622	0.000104650007063481	0.00283873284664254	up	0.787027134480147	0.00179184790174048	0.0341157128357191	up
ENSG00000170379	TCAF2	up	1.57172836431746	8.4419233235888e-46	5.90808003801362e-43	up	1.4031706797877	1.52530504540957e-31	8.90587483388513e-29	up
ENSG00000171408	PDE7B	up	0.989908099200768	1.03845818951755e-06	4.76642066051196e-05	up	0.73627583516346	0.000445590976307538	0.0115893225642674	up
ENSG00000171522	PTGER4	up	1.21124422468746	2.06645947931844e-10	1.79653623180249e-08	up	1.13606653806276	3.38704648031884e-09	3.07999690319525e-07	up
ENSG00000171843	MLLT3	up	0.763464932207278	3.27775671134596e-13	3.88803056683978e-11	up	0.732966478308311	1.69708100963594e-12	2.45166971010602e-10	up
ENSG00000171914	TLN2	up	1.11535354691248	1.50847538141263e-12	1.68913039309061e-10	up	1.09377194051048	8.55522488819913e-07	4.91329370321042e-05	up
ENSG00000172005	MAL	up	1.51859542433644	1.21026912280617e-06	5.39494806112037e-05	up	1.45450437330065	3.76289376479756e-06	0.000187451081838576	up
ENSG00000172156	CCL11	up	3.61159387514573	1.83787496752972e-39	1.16930617820516e-36	up	3.56449708685029	6.1588079259068e-29	3.08226340949043e-26	up
ENSG00000172183	ISG20	up	1.90101472816976	1.766369599588e-26	5.49419450787405e-24	up	1.81699368228834	2.07166627495651e-28	1.00104343141261e-25	up
ENSG00000172296	SPTLC3	up	0.917964284616795	6.59073401220544e-05	0.00188266334630285	up	0.975885888635544	2.20289377026933e-05	0.000894757982689396	up
ENSG00000173432	SAA1	down	-0.867570524648421	5.19962737738165e-07	2.58082214188691e-05	down	-0.820584024913543	0.000153017595286194	0.00487326264260326	down
ENSG00000173530	TNFRSF10D	up	1.03346046650363	0.000264670477809643	0.00606316313895512	up	1.01180575738656	0.000799624439874361	0.0181901579155185	up
ENSG00000173918	C1QTNF1	up	1.48188164306752	3.79025308450415e-48	2.94734291243359e-45	up	1.43744136665549	2.17573883938014e-41	1.79344872683729e-38	up
ENSG00000174136	RGMB	up	1.1918829454489	1.10514745367521e-11	1.11285963374762e-09	up	0.983882709298723	2.08059539860057e-08	1.64739082117314e-06	up
ENSG00000174564	IL20RB	up	1.1532806309091	2.50636887327505e-08	1.56614487139424e-06	up	1.27905652658374	1.61575891131713e-07	1.08333156097067e-05	up
ENSG00000174640	SLCO2A1	up	1.64576815880585	1.50712198592361e-25	4.48833753978145e-23	up	1.34472761740845	1.33340759746017e-16	2.74780009753078e-14	up
ENSG00000174804	FZD4	down	-0.762120832346474	0.000199431787222499	0.00486314760584202	down	-0.87784341618017	1.44883024933092e-06	7.88043113529148e-05	down
ENSG00000175040	CHST2	up	0.616134919097546	0.000215565273493104	0.00519323086589152	up	0.616964848629558	0.000160113296480145	0.00501939065677018	up
ENSG00000175538	KCNE3	down	-1.46222563359008	5.27879404063895e-06	0.000202987033480284	down	-1.15785269300897	0.000183604806450426	0.00565462451162598	down
ENSG00000175745	NR2F1	down	-0.672054666267817	2.21361533585328e-11	2.13682578316816e-09	down	-0.649773029049178	2.09816140864605e-09	1.98659025806467e-07	down
ENSG00000175946	KLHL38	down	-1.45118900090085	0.000681581217600579	0.0136745243844884	down	-1.78421507850374	1.56842286306263e-07	1.0566494990431e-05	down
ENSG00000176170	SPHK1	up	0.749209550224537	6.9639804910057e-05	0.00196918858449711	up	0.624301189568217	0.00175505799572951	0.0336736248822508	up
ENSG00000176658	MYO1D	up	0.822173757613177	9.09927048052092e-18	1.63285242199809e-15	up	0.682145904207097	3.3127993170827e-12	4.50701522624077e-10	up
ENSG00000176971	FIBIN	down	-1.02189492103491	5.73327852605296e-09	3.8955679383089e-07	down	-0.904455629904721	3.69066767246562e-06	0.000184704736050931	down
ENSG00000177663	IL17RA	up	0.903711708832444	1.35142004320069e-17	2.364478293085e-15	up	0.862456556649771	2.29009319432302e-14	3.73152045721494e-12	up
ENSG00000178695	KCTD12	up	1.20244515087765	8.73203672645814e-24	2.30608147283461e-21	up	1.1519704602979	8.71631021959019e-20	2.34887798282918e-17	up
ENSG00000178726	THBD	up	1.91220603289685	4.16196457249114e-07	2.08799348104511e-05	up	1.89076698196221	6.80265113016055e-07	3.97877372285533e-05	up
ENSG00000180263	FGD6	down	-0.664340838926047	0.00356816841125178	0.0490605631161996	down	-0.684167959181453	0.00079872605978983	0.0181901579155185	down
ENSG00000181634	TNFSF15	down	-2.32436582397979	1.20001723297097e-07	6.56118797261512e-06	down	-2.10829968877281	2.51433142207199e-08	1.96834224678742e-06	down
ENSG00000181656	GPR88	up	1.57296179812461	8.09138161792174e-27	2.63383880246629e-24	up	1.52944498033123	8.09812604764663e-27	3.54622000955226e-24	up
ENSG00000181804	SLC9A9	down	-1.07104350386626	4.51667584887023e-05	0.00135956799691692	down	-0.764946698420024	0.00284942597820286	0.0495397099659512	down
ENSG00000182379	NXPH4	up	0.848919727807086	0.0032243335316634	0.0458931917941665	up	0.933068632070079	0.00168359549905124	0.0326310148384578	up
ENSG00000182752	PAPPA	up	0.668267283799643	3.72412533472373e-06	0.000149359834699507	up	0.711171025681953	4.70628239143436e-06	0.000225853202572499	up
ENSG00000182957	SPATA13	up	0.989443234517363	1.74596267257488e-15	2.51940613691037e-13	up	0.965806194839472	7.9619037124511e-17	1.71126949965512e-14	up
ENSG00000183087	GAS6	down	-0.899523255042526	4.15204057504355e-08	2.48359452687541e-06	down	-0.886188391651686	4.81834352637306e-08	3.55365514921399e-06	down
ENSG00000183134	PTGDR2	up	2.31258106672251	1.59475447642049e-11	1.57195622580688e-09	up	2.55040920483822	3.31099539127177e-10	3.4368132161401e-08	up
ENSG00000183486	MX2	down	-2.19265287906812	0.000240538011853847	0.00563954866317973	down	-1.99557294321336	0.00173676842013055	0.0334304064166063	down
ENSG00000183508	TENT5C	down	-1.78302676351115	1.32247178209756e-31	5.60928410121805e-29	down	-1.53805785597355	1.60055217186862e-20	5.09739490554431e-18	down
ENSG00000183696	UPP1	up	0.887899230909342	1.23139777871306e-17	2.18175629223376e-15	up	0.700364495210973	4.51080893692936e-10	4.48297628604192e-08	up
ENSG00000183876	ARSI	down	-0.637918305850539	0.00120941013971721	0.0213200424755942	down	-0.618497573795892	0.00192041543017011	0.0363168440256056	down
ENSG00000184113	CLDN5	up	6.05887690678928	3.50832769953329e-63	4.46418752821522e-60	up	5.51189280010475	3.13561886360968e-53	4.39394271357624e-50	up
ENSG00000184828	ZBTB7C	up	1.59347615270305	1.95835469144705e-08	1.24032084236128e-06	up	1.37653603426876	2.39045927034382e-07	1.55081045163555e-05	up
ENSG00000185338	SOCS1	up	2.9334558891292	4.21936994420945e-129	1.96861737030332e-125	up	2.85701378561471	2.18711480539464e-83	4.37829139542786e-80	up
ENSG00000186442	KRT3	up	3.35987661591437	4.24447055276578e-09	3.01572864604379e-07	up	2.84255875069124	1.27463911377385e-06	7.05988849854269e-05	up
ENSG00000186480	INSIG1	up	1.2609504544582	1.4355725084769e-35	7.17632442898258e-33	up	1.17477180621861	2.46501599413815e-32	1.57010314208445e-29	up
ENSG00000187720	THSD4	down	-0.883311430456221	3.49787312751813e-06	0.000141094323244586	down	-0.919783896299682	1.6168555661798e-05	0.000670325356475667	down
ENSG00000188042	ARL4C	up	3.84444070594024	4.2246613320897e-25	1.23192884719291e-22	up	3.72254121153646	1.47564355182685e-27	6.67038486830635e-25	up
ENSG00000188107	EYS	up	1.35425616631611	5.34300939984398e-05	0.00158445132562746	up	1.20395866152037	1.64583983865161e-06	8.87044371500963e-05	up
ENSG00000188215	DCUN1D3	up	1.02131034376221	1.46241595141267e-25	4.44987740693982e-23	up	0.86294850964545	2.84918377766315e-16	5.70365889662768e-14	up
ENSG00000188501	LCTL	up	1.55043886849533	5.66624035764961e-07	2.78281986968497e-05	up	1.28388150615423	0.000120981523828989	0.0039610142369524	up
ENSG00000188517	COL25A1	down	-1.90353784277455	1.41233147219167e-07	7.66217194428945e-06	down	-1.58618625466923	8.38850013027319e-07	4.85735753411232e-05	down
ENSG00000188641	DPYD	up	0.685823308193135	3.43765753228953e-14	4.49690583920155e-12	up	0.614846256949473	7.83929773513263e-11	9.5523547097751e-09	up
ENSG00000188906	LRRK2	down	-0.659225682633838	3.07761921291792e-05	0.000970212525297569	down	-0.620504719350411	6.93251377699239e-05	0.00247189098109401	down
ENSG00000188916	INSYN2A	up	0.802580990359491	3.64314006949869e-06	0.000146531699864291	up	0.689526801007212	0.000272400090695221	0.00787039684724151	up
ENSG00000196352	CD55	up	1.56344724928493	1.2732597488367e-16	2.02520644368946e-14	up	1.41415374855837	2.29665162174235e-10	2.51429524808402e-08	up
ENSG00000196639	HRH1	up	1.15283625279288	2.08878122666576e-46	1.53877214892846e-43	up	1.13778701923056	1.29599354510353e-41	1.13504734672099e-38	up
ENSG00000196932	TMEM26	up	0.855785544907724	2.38102550817502e-06	0.000100081723837615	up	0.856628698699152	3.79038584553526e-06	0.000187451081838576	up
ENSG00000197261	C6orf141	up	0.961665468703865	4.35513978349476e-06	0.000170849373252931	up	0.924762216435705	5.65390158682024e-06	0.000264093743120373	up
ENSG00000197635	DPP4	up	1.0635737509637	5.1949434694193e-09	3.59968434363673e-07	up	1.06270494533094	1.09729062331068e-07	7.57022275674152e-06	up
ENSG00000197646	PDCD1LG2	up	0.828928664441958	1.46995076653171e-05	0.000498085480422591	up	0.684500939714365	0.00125402452444379	0.0259009159079141	up
ENSG00000197872	CYRIA	up	1.50292651686928	0.000127696294256432	0.00336809795695112	up	1.64630264465938	0.000352515173220092	0.00962923025795935	up
ENSG00000198300	PEG3	up	0.859911250085215	6.87128253550602e-12	7.12424752959095e-10	up	0.811607125129581	1.01449197102184e-09	9.87227499300624e-08	up
ENSG00000198400	NTRK1	up	2.25289830808989	1.25872736045367e-15	1.87429860258192e-13	up	1.91197359412069	6.12488291741337e-09	5.29802372356256e-07	up
ENSG00000198542	ITGBL1	down	-0.744201780516243	3.30997099384425e-07	1.68471505457593e-05	down	-0.76764535981352	8.88189620843398e-07	5.08008210484838e-05	down
ENSG00000198743	SLC5A3	up	2.04843072951704	8.46683350783258e-36	4.38926920774566e-33	up	2.09596906763112	3.11876341125734e-38	2.30017008852364e-35	up
ENSG00000198768	APCDD1L	up	1.92622587879783	5.32482335607579e-37	2.98126210059971e-34	up	1.90344640920785	2.04496658722717e-34	1.3645769898483e-31	up
ENSG00000198947	DMD	up	3.0169063683021	1.01318325641995e-33	4.72717534670333e-31	up	2.82935761368823	3.16977023827856e-30	1.70838424419221e-27	up
ENSG00000205730	ITPRIPL2	up	0.888660596220454	7.93128999606485e-14	9.82427133406368e-12	up	0.805919097431771	8.00613614500798e-11	9.67155049999972e-09	up
ENSG00000206073	SERPINB4	up	5.38974868425968	1.59297723343686e-08	1.04191132413158e-06	up	5.20171085858118	2.31801927950491e-12	3.28105092562649e-10	up
ENSG00000213626	LBH	up	2.0277691799744	2.33434848004534e-12	2.55264653712458e-10	up	1.89552734407864	6.88458377621228e-09	5.84688923976137e-07	up
ENSG00000223749		down	-0.827648867059151	0.00134278773429035	0.0231209036799968	down	-0.937304180143131	0.000261880681156159	0.00761355598556277	down
ENSG00000223784		up	2.9703838791322	2.09708671131223e-18	4.13421446454047e-16	up	2.8878812853835	1.93304551389485e-15	3.61170223816114e-13	up
ENSG00000223802	CERS1	up	0.707464134668786	0.00038314706591005	0.0083795460649109	up	0.76462095457638	2.76751320863246e-06	0.000143103921005781	up
ENSG00000224376		up	0.675094728752244	0.0012621229298571	0.0220273499366707	up	0.769797470030055	0.000385464185684069	0.010308224492349	up
ENSG00000224413		up	1.54496445202957	6.81573160857482e-14	8.67270866592925e-12	up	1.3506073625807	2.45926239594379e-10	2.67144526777987e-08	up
ENSG00000225697	SLC26A6	up	0.786635386890705	1.03425516176427e-16	1.66396201140396e-14	up	0.802609444848611	7.937776900151e-16	1.5237269548194e-13	up
ENSG00000229373	LINC00452	down	-1.67426489054058	4.90221969213885e-09	3.43081845154338e-07	down	-1.09224948952594	0.00013088476388878	0.0042357695066362	down
ENSG00000229474	PATL2	down	-1.14973040823009	0.00108084098028828	0.019719400396177	down	-1.18363451982202	0.00052562223213444	0.0131139003772356	down
ENSG00000231290	APCDD1L-DT	up	1.83034107594047	4.38103252160436e-58	4.71702401576125e-55	up	1.73324097314378	6.98887087108171e-54	1.08816719462742e-50	up
ENSG00000232973	CYP1B1-AS1	down	-1.69548696535598	7.5252946931121e-05	0.0021024261441016	down	-1.75296476653883	4.16142676381558e-05	0.0015803271881124	down
ENSG00000233321	LINC02669	up	1.44997130747448	0.000101998615998013	0.00278842700805507	up	1.53974943658421	0.000847654313445189	0.0190967522416518	up
ENSG00000235750	KIAA0040	up	1.35701953327431	0.000241167787614934	0.00564376620722501	up	1.44913695510124	0.00101467997536557	0.0220445123950352	up
ENSG00000237886		down	-0.880485757907126	0.00091949608239399	0.0174009724231387	down	-1.02139979569077	0.00116364066019947	0.0246363336966454	down
ENSG00000238266	LINC00707	up	3.09827140755829	3.86395185744773e-08	2.32119030681098e-06	up	2.94953539828853	1.41206572681779e-07	9.55907102893606e-06	up
ENSG00000242611		down	-0.795278247865128	0.000398698949000277	0.00866551116328707	down	-0.892929354776688	0.000435439516416633	0.0113839812379595	down
ENSG00000243927	MRPS6	up	1.09801909566209	3.19666968874944e-24	8.77329130067176e-22	up	1.17760234512666	2.20120105647923e-31	1.23381721617774e-28	up
ENSG00000244588	RAD21L1	up	1.16999766460975	0.000243901201133885	0.00568980852045164	up	0.93517612769071	0.0022360283950458	0.0407457293885265	up
ENSG00000246763	RGMB-AS1	up	2.42242653651413	6.637821906389e-25	1.896114147423e-22	up	1.99058195028958	4.14912086023016e-15	7.55086111875392e-13	up
ENSG00000246985	SOCS2-AS1	down	-2.06846346447565	3.69941681813704e-09	2.66911016512702e-07	down	-1.57068821786039	0.00098470784552336	0.0215735822588461	down
ENSG00000248927		up	0.846486808423339	1.30374642982872e-06	5.75663683858443e-05	up	0.757254526906274	2.12120452808055e-06	0.000112592572166639	up
ENSG00000249242	TMEM150C	up	1.42807322327307	3.07796698969805e-17	5.25393950668337e-15	up	1.32530353710616	1.17671882703533e-08	9.64290112470527e-07	up
ENSG00000249669		up	1.54754119742297	0.000248319168008012	0.00576405206402677	up	1.66671680966084	2.23742767749259e-06	0.000117868699416179	up
ENSG00000251194		up	0.974632647737622	3.21851359790758e-06	0.000130957950086955	up	0.845957826193006	0.0021102906341821	0.0391157442550183	up
ENSG00000251393		down	-1.90250278051174	2.59005051855371e-09	1.90804932148402e-07	down	-1.59862090465094	3.33992755186919e-06	0.000168513258330014	down
ENSG00000255521	CD44-DT	up	1.61722453714108	2.47462588607336e-07	1.28286438990255e-05	up	1.8770350084104	2.85233943305333e-07	1.82510650572495e-05	up
ENSG00000255690	TRIL	down	-1.96062647319687	7.33839437804888e-05	0.00206256036364558	down	-1.90876601976015	0.000454388660852201	0.0117695902116856	down
ENSG00000257298		up	1.65201544584374	6.85353066309881e-06	0.000257181953596231	up	1.1468286363809	0.0027349421020093	0.047786463435731	up
ENSG00000258498	DIO3OS	down	-1.91052036438204	5.43033227632187e-09	3.74425423013188e-07	down	-1.75983307306561	1.28765809283558e-06	7.10391844681296e-05	down
ENSG00000259583	ALDH1A3-AS1	down	-0.836176172563812	2.61152621467367e-05	0.000838383771256591	down	-0.646685678277579	0.00100288229127225	0.0218559713026407	down
ENSG00000259863		up	1.12905332243167	7.80280155153947e-05	0.00217561381109359	up	1.02695064676299	0.000816314422013235	0.0184500225736637	up
ENSG00000260910		down	-1.01685527387477	2.41279510114321e-09	1.80598358452949e-07	down	-0.917972303786155	3.20102642486227e-07	2.02053978790968e-05	down
ENSG00000260916	CCPG1	up	0.68912107490105	2.05642987009985e-05	0.000673155652593168	up	0.698586053770509	5.85081483215789e-07	3.50197194125389e-05	up
ENSG00000265096		up	1.36405112215207	1.09784721787907e-06	4.94101849152838e-05	up	1.45447758734169	8.14278790931051e-08	5.82167790679429e-06	up
ENSG00000265485	LINC01915	up	2.12212457228305	7.28752853377839e-06	0.000270566410841634	up	2.30480219886875	5.575716790298e-06	0.000261312773854334	up
ENSG00000267280	TBX2-AS1	down	-0.689624885186139	0.0023119298612055	0.0354825463457164	down	-0.690356157103571	0.00178952730086405	0.0341157128357191	down
ENSG00000268941	LINC01711	up	1.11028101773401	0.000542288757546547	0.0112952615169331	up	1.208756743473	0.000286534891205318	0.00817762409462345	up
ENSG00000269416	LINC01224	down	-0.887380045751342	0.000179001385948749	0.00445023516718409	down	-0.725160935210746	0.00111016474371581	0.0237507458834957	down
ENSG00000272695	GAS6-DT	down	-0.875978505727005	0.0010364522375698	0.0191388152628819	down	-0.7135727310531	0.000995422498667027	0.0217271892115593	down
ENSG00000274253	LOC283683	up	0.944620424217441	0.00088542397591469	0.016889721879915	up	0.87352974286209	0.00258728463032705	0.0457772973797637	up
ENSG00000275591	XKR5	down	-1.14895641163559	0.00191135789397904	0.0305054463421033	down	-1.47721253601535	2.43194705772917e-05	0.000979277991952842	down
ENSG00000284669		up	0.950210895442752	8.61249908572818e-05	0.00237769526041297	up	0.882998318752332	4.17836604701758e-05	0.00158247144369885	up
ENSG00000287692		up	1.80172924926244	4.0209053275868e-06	0.000159435161105474	up	2.04569612971313	7.70560363012268e-06	0.000346085332272144	up
ENSG00000288611	NPBWR1	up	2.31930325762455	6.88575618049187e-07	3.32344583649465e-05	up	1.91641740466475	7.618169761405e-05	0.00268224655443639	up
ENSG00000289504		up	1.26221016555422	4.57446245371374e-05	0.00137106533114842	up	1.58995279279227	5.03467142537118e-07	3.05448568540531e-05	up
ENSG00000289926		down	-0.822073833797158	0.00364223229435945	0.0497369028528285	down	-0.999278755367492	9.0447631803019e-05	0.00313723431795967	down
ENSG00000290021		up	1.3805265587574	4.73746370704064e-09	3.33217484962049e-07	up	1.08224319358468	3.03692729865003e-05	0.00118541677537557	up
ENSG00000291149	LOC154761	up	1.28341763012492	0.000129755299482105	0.0033884047142743	up	1.18705274533234	0.000101381526253384	0.00340759346856233	up
ENSG00000291237	SOD2	down	-0.864663517284108	9.01197564018686e-13	1.04248448789831e-10	down	-0.815515853366711	1.42547398953891e-10	1.58533071550863e-08	down
